"","E1A","E1B","E1C","E2A","E2B","E2C","E3A","E3B","E3C","E4A","E4B","E4C","ETEX","ETF","S1A","S1B","S1C","S2A","S2B","S2C","S3A","S3B","S3C","S4A","S4B","S4C","STEX1","Subgroups","Infragroups","Class","Order","Family","Genus","Species"
"ASV1",492,64,0,18756,19497,17332,16712,14907,13874,7843,8899,9030,9277,4873,0,158,407,4352,12752,11929,11581,17611,4153,571,11172,11360,0,"Viridiplantae","Streptophyta","Magnoliopsida","Fagales","Betulaceae","Alnus",NA
"ASV10",1826,3450,5279,146,116,0,192,241,1900,122,255,126,0,0,0,305,0,0,0,196,0,73,43,11,0,0,0,"Viridiplantae","Streptophyta","Magnoliopsida","Asterales","Asteraceae",NA,NA
"ASV100",0,0,0,37,120,21,9,0,0,0,0,0,0,0,0,0,0,0,100,0,0,0,0,0,0,0,0,"","","","","","",""
"ASV103",0,0,0,18,0,0,19,22,14,9,28,23,0,0,0,0,0,0,95,0,24,25,0,0,0,0,0,"Viridiplantae","Streptophyta","Magnoliopsida","Lamiales","Orobanchaceae","Bartsia","Bartsia_alpina"
"ASV104",0,0,0,0,0,0,0,0,0,0,0,0,0,0,0,107,0,0,0,0,0,0,0,13,0,155,0,"","","","","","",""
"ASV105",0,0,0,0,0,0,0,0,0,0,0,0,0,0,0,0,98,30,22,12,18,45,0,17,17,11,0,"","","","","","",""
"ASV106",70,86,30,0,0,0,13,0,0,49,11,0,0,0,0,0,0,0,0,0,0,0,0,0,0,0,0,"Viridiplantae","Streptophyta","Magnoliopsida","Ranunculales","Ranunculaceae","Anemone",NA
"ASV107",0,0,168,30,0,38,23,0,0,0,0,0,0,0,0,0,0,0,0,0,0,0,0,0,0,0,0,"","","","","","",""
"ASV108",0,0,0,0,0,0,0,0,0,0,0,0,0,0,0,12,36,26,0,57,139,61,0,21,59,25,0,"","","","","","",""
"ASV109",0,0,0,0,0,0,0,0,0,0,243,0,0,0,0,0,0,0,0,0,0,0,0,0,0,0,0,"Viridiplantae","Streptophyta","Magnoliopsida","Poales","Poaceae",NA,NA
"ASV11",1029,1478,1424,219,179,254,207,208,204,201,238,198,4299,0,326,0,452,1585,382,1451,4697,416,256,138,465,551,0,"","","","","","",""
"ASV111",0,0,0,0,0,0,0,0,0,0,0,0,0,0,0,0,0,191,0,41,0,6,0,0,0,0,0,"","","","","","",""
"ASV112",0,0,0,14,0,0,14,32,0,40,41,93,0,0,0,0,0,0,0,0,0,0,0,0,0,0,0,"Viridiplantae","Streptophyta","Magnoliopsida","Dipsacales","Caprifoliaceae","Valeriana",NA
"ASV113",0,0,0,64,9,0,98,20,21,0,0,0,0,0,0,0,0,0,0,0,0,18,0,0,0,0,0,"","","","","","",""
"ASV114",4,0,0,0,0,0,0,0,0,0,0,0,0,0,22,170,75,10,23,0,0,0,0,0,0,0,0,"","","","","","",""
"ASV115",0,0,122,0,0,0,0,0,0,0,0,0,0,0,0,30,0,0,0,72,0,0,0,0,0,0,0,"Viridiplantae","Streptophyta","Magnoliopsida","Poales","Juncaceae","Juncus",NA
"ASV116",0,0,0,0,0,0,0,0,0,0,0,0,0,0,23,43,0,0,0,71,48,27,8,0,0,0,0,"","","","","","",""
"ASV117",17,56,41,0,0,0,0,0,0,0,0,0,0,0,0,0,42,0,0,0,0,0,0,0,0,62,0,"Viridiplantae","Streptophyta","Magnoliopsida","Malpighiales","Hypericaceae",NA,NA
"ASV119",59,65,29,0,0,0,0,0,0,0,0,0,0,0,0,0,0,0,0,0,0,50,0,0,0,0,0,"","","","","","",""
"ASV12",0,0,16,0,0,0,0,0,0,0,0,0,0,0,136,9169,236,0,0,0,0,0,0,0,0,0,0,"","","","","","",""
"ASV120",0,0,0,0,0,0,0,0,0,0,0,0,0,0,0,203,0,0,0,0,0,0,0,0,0,0,0,"","","","","","",""
"ASV122",0,0,0,0,0,0,0,0,0,0,0,0,0,0,164,0,0,0,17,15,0,0,0,0,0,0,0,"","","","","","",""
"ASV123",0,0,0,79,0,0,83,30,0,0,0,0,0,0,0,0,0,0,0,0,0,0,0,0,0,0,0,"Viridiplantae","Streptophyta","Magnoliopsida","Lamiales","Lamiaceae","Salvia","Salvia_pratensis"
"ASV125",0,0,0,0,0,0,0,0,0,0,0,0,0,0,80,0,187,0,0,0,0,0,0,0,0,0,0,"Viridiplantae","Streptophyta","Magnoliopsida","Brassicales","Brassicaceae",NA,NA
"ASV126",61,99,0,12,0,0,0,14,0,0,0,0,0,0,0,0,0,0,0,0,0,0,0,0,0,0,0,"Viridiplantae","Streptophyta","Magnoliopsida","Fabales","Fabaceae",NA,NA
"ASV127",0,0,0,0,0,0,0,0,0,0,0,0,0,0,54,0,0,36,0,50,45,35,15,10,20,23,0,"","","","","","",""
"ASV128",0,0,25,0,0,65,0,31,0,65,28,0,0,0,0,0,0,0,0,0,0,69,0,0,0,0,0,"Viridiplantae","Streptophyta","Magnoliopsida","Dipsacales","Caprifoliaceae","Knautia",NA
"ASV129",0,99,0,0,0,17,0,32,0,27,46,31,0,0,0,0,78,0,0,58,0,0,0,0,0,0,0,"","","","","","",""
"ASV13",321,896,512,322,689,426,690,753,421,655,691,804,0,0,0,93,500,58,64,174,100,127,0,0,1001,0,0,"Viridiplantae","Streptophyta","Magnoliopsida","Apiales","Apiaceae",NA,NA
"ASV130",0,0,0,0,0,0,0,0,0,0,0,0,0,0,13,125,11,31,0,0,0,0,0,0,0,0,0,"","","","","","",""
"ASV132",0,0,0,0,0,0,0,0,0,0,0,0,0,0,0,0,0,0,0,0,0,0,0,168,0,0,0,"","","","","","",""
"ASV133",0,0,38,0,0,0,0,0,0,0,0,0,0,0,91,37,0,0,0,0,0,0,0,0,0,0,0,"Viridiplantae","Streptophyta","Magnoliopsida","Fabales","Fabaceae","Trifolium",NA
"ASV136",77,76,0,0,0,0,0,0,0,0,0,0,0,0,0,0,0,0,0,0,0,0,0,0,0,0,0,"Viridiplantae","Streptophyta","Magnoliopsida","Ranunculales","Ranunculaceae",NA,NA
"ASV137",0,0,0,0,0,0,0,0,0,0,0,0,0,0,0,0,0,81,0,0,0,72,0,0,0,0,0,"","","","","","",""
"ASV139",0,0,0,0,0,0,0,0,0,0,0,0,0,0,142,0,0,0,0,0,0,0,0,0,0,0,0,"Viridiplantae","Streptophyta","Magnoliopsida","Rosales","Ulmaceae",NA,NA
"ASV140",0,0,0,0,0,0,0,0,0,0,0,0,0,0,0,0,0,0,0,0,30,0,3,0,27,82,0,"","","","","","",""
"ASV141",43,30,0,0,0,0,0,0,0,0,0,0,0,0,7,5,29,6,46,7,7,0,0,0,9,0,0,"","","","","","",""
"ASV142",19,0,0,0,0,66,10,0,0,26,0,66,0,0,0,0,0,0,0,0,0,0,0,0,0,0,0,"Viridiplantae","Streptophyta","Magnoliopsida","Fagales","Fagaceae",NA,NA
"ASV143",0,0,0,0,0,0,0,0,0,0,0,0,0,0,12,0,94,0,8,0,0,0,0,0,13,4,0,"","","","","","",""
"ASV145",0,0,0,0,0,0,0,0,0,0,0,0,0,0,12,5,0,15,0,37,58,0,0,0,0,0,0,"","","","","","",""
"ASV149",5,0,0,0,0,0,0,0,0,0,0,0,0,0,0,0,108,0,0,0,0,0,0,0,0,0,0,"","","","","","",""
"ASV15",83,241,223,119,59,99,70,73,47,51,84,83,1137,0,131,0,0,46,120,468,233,234,17,0,3579,101,0,"Viridiplantae","Streptophyta","Magnoliopsida","Ericales","Ericaceae",NA,NA
"ASV151",0,0,0,0,0,0,0,0,0,0,0,0,0,0,0,52,60,0,0,0,0,0,0,0,0,0,0,"","","","","","",""
"ASV152",0,0,0,0,0,0,0,0,0,0,0,0,0,0,0,0,0,111,0,0,0,0,0,0,0,0,0,"","","","","","",""
"ASV153",0,0,0,0,0,0,0,0,0,0,0,0,0,0,0,0,110,0,0,0,0,0,0,0,0,0,0,"Viridiplantae","Streptophyta","Magnoliopsida","Poales","Cyperaceae","Carex",NA
"ASV155",0,0,0,0,0,0,0,0,0,0,0,0,0,0,0,0,107,0,0,0,0,0,0,0,0,0,0,"","","","","","",""
"ASV156",0,0,0,0,0,0,0,0,0,0,0,0,0,0,0,0,0,0,31,67,0,0,9,0,0,0,0,"Viridiplantae","Streptophyta","Magnoliopsida","Caryophyllales","Nyctaginaceae","Bougainvillea","Bougainvillea_sp."
"ASV16",24,26,37,0,0,0,0,0,0,0,0,0,0,0,657,1353,4556,0,12,25,0,0,0,0,6,0,0,"","","","","","",""
"ASV160",0,44,30,0,0,0,0,0,0,0,9,10,0,0,0,0,0,0,0,0,0,0,0,0,0,0,0,"Viridiplantae","Streptophyta","Magnoliopsida","Lamiales","Plantaginaceae","Veronica",NA
"ASV162",25,0,0,0,0,13,0,0,7,0,20,0,0,0,0,0,0,0,0,0,0,0,0,13,0,35,0,"Viridiplantae","Streptophyta","Magnoliopsida","Sapindales","Sapindaceae","Acer",NA
"ASV163",0,0,0,0,0,0,0,0,0,0,0,0,0,0,70,0,15,0,0,0,0,0,0,0,0,0,0,"","","","","","",""
"ASV164",0,25,26,0,0,0,0,0,0,0,0,0,0,0,0,0,0,32,0,0,0,0,0,0,0,0,0,"Viridiplantae","Streptophyta","Magnoliopsida","Malpighiales","Violaceae","Viola","Viola_biflora"
"ASV168",0,26,0,0,0,0,0,0,0,0,0,51,0,0,0,0,0,0,0,0,0,0,0,0,0,0,0,"","","","","","",""
"ASV169",0,0,0,0,0,0,0,0,0,0,0,0,0,0,0,0,19,16,0,9,22,0,0,5,6,0,0,"","","","","","",""
"ASV17",39,8,81,62,142,97,441,551,423,278,496,394,0,0,0,0,0,0,332,319,263,808,68,27,732,530,0,"Viridiplantae","Streptophyta","Magnoliopsida","Malpighiales","Salicaceae",NA,NA
"ASV171",0,0,0,15,0,15,0,0,0,0,0,58,0,0,0,0,0,0,0,0,0,0,0,0,0,0,0,"Viridiplantae","Streptophyta","Magnoliopsida","Caryophyllales","Chenopodiaceae",NA,NA
"ASV173",0,0,0,0,0,0,0,0,7,0,0,0,0,0,0,0,0,0,46,0,0,0,0,17,0,0,0,"Viridiplantae","Streptophyta","Magnoliopsida","Zingiberales","Musaceae","Musa",NA
"ASV174",0,0,15,0,0,0,0,0,0,0,0,0,0,0,9,0,45,0,0,0,0,0,0,0,0,0,0,"","","","","","",""
"ASV176",0,0,0,0,0,66,0,0,0,0,0,0,0,0,0,0,0,0,0,0,0,0,0,0,0,0,0,"Viridiplantae","Streptophyta","Magnoliopsida","Gentianales","Rubiaceae","Galium",NA
"ASV178",0,0,0,0,0,0,0,0,0,0,0,0,0,0,0,0,0,0,0,0,0,0,0,0,64,0,0,"Viridiplantae","Streptophyta","Magnoliopsida","Dipsacales","Caprifoliaceae","Valeriana",NA
"ASV181",20,0,0,0,0,0,0,0,0,0,0,0,0,0,0,0,0,0,0,0,37,0,0,0,0,0,0,"Viridiplantae","Streptophyta","Magnoliopsida","Ericales","Actinidiaceae","Actinidia",NA
"ASV182",16,0,41,0,0,0,0,0,0,0,0,0,0,0,0,0,0,0,0,0,0,0,0,0,0,0,0,"Viridiplantae","Streptophyta","Magnoliopsida","Gentianales","Gentianaceae",NA,NA
"ASV184",13,0,0,0,0,0,0,0,0,0,0,0,0,0,0,0,0,0,0,0,55,0,0,0,0,0,0,"Viridiplantae","Streptophyta","Magnoliopsida","Brassicales","Brassicaceae",NA,NA
"ASV186",0,0,0,0,0,0,0,0,0,0,52,0,0,0,0,0,0,0,0,0,0,0,0,0,0,0,0,"Viridiplantae","Streptophyta","Magnoliopsida","Caryophyllales","Caryophyllaceae",NA,NA
"ASV188",0,0,0,0,0,0,0,0,0,0,0,0,0,0,0,0,0,0,0,0,0,0,0,48,0,0,0,"","","","","","",""
"ASV190",0,0,0,0,0,0,0,0,0,0,0,0,0,0,0,0,0,0,0,0,0,0,0,0,46,0,0,"","","","","","",""
"ASV192",0,0,0,0,0,0,0,0,0,0,0,0,0,0,0,0,0,0,0,0,0,0,0,0,0,45,0,"","","","","","",""
"ASV193",0,0,42,0,0,0,0,0,0,0,0,0,0,0,0,0,0,0,0,0,0,0,0,0,0,0,0,"Viridiplantae","Streptophyta","Magnoliopsida","Asparagales","Orchidaceae","Gymnadenia",NA
"ASV194",0,0,0,0,0,0,0,0,0,0,0,0,0,0,0,0,0,42,0,0,0,0,0,0,0,0,0,"Viridiplantae","Streptophyta","Pinopsida","Cupressales","Cupressaceae","Juniperus","Juniperus_phoenicea"
"ASV196",0,0,0,0,0,0,0,0,0,0,0,0,0,0,0,0,40,0,0,0,0,0,0,0,0,0,0,"","","","","","",""
"ASV197",0,0,0,0,0,0,0,0,0,0,0,0,0,0,0,0,0,39,0,0,0,0,0,0,0,0,0,"","","","","","",""
"ASV199",0,0,15,0,0,0,0,0,0,0,0,0,0,0,0,0,0,0,20,0,0,0,0,0,0,0,0,"","","","","","",""
"ASV2",459,180,73,3116,2695,2207,3603,3196,3754,2929,3504,4389,759,0,0,219,66,2187,3497,1374,4454,6008,281,150,842,705,0,"Viridiplantae","Streptophyta","Pinopsida","Pinales","Pinaceae","Picea",NA
"ASV20",743,856,2618,0,25,54,0,0,0,0,102,94,0,0,222,0,529,0,0,0,0,0,0,0,0,0,0,"Viridiplantae","Streptophyta","Magnoliopsida","Lamiales","Lamiaceae","Salvia","Salvia_pratensis"
"ASV200",0,0,0,0,0,0,0,35,0,0,0,0,0,0,0,0,0,0,0,0,0,0,0,0,0,0,0,"Viridiplantae","Streptophyta","Magnoliopsida","Lamiales","Plantaginaceae","Veronica",NA
"ASV202",0,0,0,0,0,0,0,0,0,0,0,0,0,0,11,0,0,24,0,0,0,0,0,0,0,0,0,"","","","","","",""
"ASV204",0,0,0,0,0,0,32,0,0,0,0,0,0,0,0,0,0,0,0,0,0,0,0,0,0,0,0,"Viridiplantae","Streptophyta","Magnoliopsida","Malvales","Cistaceae","Helianthemum","Helianthemum_nummularium"
"ASV205",0,0,0,0,0,0,0,0,0,31,0,0,0,0,0,0,0,0,0,0,0,0,0,0,0,0,0,"Viridiplantae","Streptophyta","Magnoliopsida","Rosales","Urticaceae","Urtica","Urtica_dioica"
"ASV207",0,0,0,0,0,0,0,0,0,0,0,0,0,0,0,0,0,0,0,30,0,0,0,0,0,0,0,"","","","","","",""
"ASV209",0,0,0,0,0,0,0,0,0,0,0,0,0,0,5,24,0,0,0,0,0,0,0,0,0,0,0,"","","","","","",""
"ASV21",49,43,0,152,882,202,371,642,215,837,956,543,0,1502,0,0,0,0,0,0,0,138,32,0,850,250,0,"Viridiplantae","Streptophyta","Magnoliopsida","Rosales","Rosaceae","Rubus","Rubus_idaeus"
"ASV210",0,0,0,0,0,0,0,0,0,0,0,0,0,0,0,0,0,0,24,0,0,0,0,0,0,5,0,"","","","","","",""
"ASV211",0,0,0,0,0,0,0,0,0,0,0,0,0,0,0,0,0,0,0,0,29,0,0,0,0,0,0,"","","","","","",""
"ASV212",0,0,0,0,0,0,0,0,0,0,0,0,0,0,0,0,27,0,0,0,0,0,0,0,0,0,0,"","","","","","",""
"ASV213",0,0,0,0,0,0,0,0,0,0,0,0,0,0,0,0,0,0,3,0,24,0,0,0,0,0,0,"","","","","","",""
"ASV214",26,0,0,0,0,0,0,0,0,0,0,0,0,0,0,0,0,0,0,0,0,0,0,0,0,0,0,"Viridiplantae","Streptophyta","Magnoliopsida","Boraginales","Boraginaceae","Myosotis",NA
"ASV215",0,0,26,0,0,0,0,0,0,0,0,0,0,0,0,0,0,0,0,0,0,0,0,0,0,0,0,"","","","","","",""
"ASV22",1400,1319,588,95,60,0,0,101,0,0,0,0,0,0,117,221,832,0,59,0,0,15,0,0,0,0,0,"Viridiplantae","Streptophyta","Magnoliopsida","Ericales","Ericaceae","Vaccinium","Vaccinium_uliginosum"
"ASV220",0,0,0,0,0,0,0,0,0,0,0,0,0,0,23,0,0,0,0,0,0,0,0,0,0,0,0,"","","","","","",""
"ASV223",0,0,0,0,0,0,0,0,0,0,0,0,0,0,0,6,14,0,0,0,0,0,2,0,0,0,0,"","","","","","",""
"ASV226",0,0,0,0,0,0,0,0,0,0,0,0,0,0,0,0,0,4,6,2,5,4,0,0,0,0,0,"","","","","","",""
"ASV228",0,0,0,0,0,0,0,0,0,0,0,0,0,0,6,0,9,0,5,0,0,0,0,0,0,0,0,"","","","","","",""
"ASV229",0,0,0,0,0,0,0,0,0,0,0,0,0,0,0,0,0,15,0,5,0,0,0,0,0,0,0,"","","","","","",""
"ASV23",2146,657,1105,0,0,70,5,0,0,0,8,0,0,0,52,76,130,0,0,0,0,8,0,0,0,0,0,"Viridiplantae","Streptophyta","Magnoliopsida","Poales","Cyperaceae","Eriophorum",NA
"ASV230",5,0,0,0,0,0,0,0,0,0,0,0,0,0,0,0,0,0,20,0,0,0,0,0,0,0,0,"","","","","","",""
"ASV231",0,0,0,0,0,0,0,0,0,0,0,0,0,0,0,0,0,0,16,0,0,4,0,0,0,0,0,"","","","","","",""
"ASV232",0,0,0,0,0,0,0,0,0,0,0,0,0,0,0,0,0,0,0,5,5,0,0,0,10,0,0,"","","","","","",""
"ASV233",0,0,0,0,0,0,0,19,0,0,0,0,0,0,0,0,0,0,0,0,0,0,0,0,0,0,0,"Viridiplantae","Streptophyta","Magnoliopsida","Fabales","Fabaceae","Lathyrus","Lathyrus_setifolius"
"ASV234",0,0,0,0,0,0,0,0,0,5,6,8,0,0,0,0,0,0,0,0,0,0,0,0,0,0,0,"","","","","","",""
"ASV24",724,1036,879,43,38,23,0,62,39,101,128,131,0,0,193,0,457,0,101,0,0,0,16,0,0,141,0,"Viridiplantae","Streptophyta","Magnoliopsida","Rosales","Rosaceae","Alchemilla",NA
"ASV240",0,0,0,0,0,0,0,0,0,0,0,0,0,0,9,0,9,0,0,0,0,0,0,0,0,0,0,"","","","","","",""
"ASV241",0,0,0,0,0,0,0,0,0,0,0,0,0,0,0,6,12,0,0,0,0,0,0,0,0,0,0,"","","","","","",""
"ASV242",0,0,0,0,0,0,0,0,0,0,0,0,0,0,0,0,0,0,0,0,18,0,0,0,0,0,0,"","","","","","",""
"ASV245",0,0,0,0,0,0,17,0,0,0,0,0,0,0,0,0,0,0,0,0,0,0,0,0,0,0,0,"Viridiplantae","Streptophyta","Magnoliopsida","Laurales","Lauraceae",NA,NA
"ASV246",0,0,0,0,0,0,0,0,0,0,0,0,0,0,0,0,0,0,0,17,0,0,0,0,0,0,0,"","","","","","",""
"ASV249",0,0,0,0,0,0,0,0,0,0,0,0,0,0,12,16,0,0,0,0,0,0,0,0,0,0,0,"","","","","","",""
"ASV25",606,1216,714,482,268,456,226,191,258,201,226,249,0,0,1403,0,292,52,165,0,73,48,0,0,84,40,0,"Viridiplantae","Streptophyta","Magnoliopsida","Asterales","Asteraceae",NA,NA
"ASV250",0,0,0,0,0,0,0,0,0,0,0,0,0,0,0,0,0,0,16,0,0,0,0,0,0,0,0,"","","","","","",""
"ASV251",0,0,0,0,0,0,0,0,0,0,0,0,0,0,0,0,0,0,0,0,16,0,0,0,0,0,0,"","","","","","",""
"ASV252",0,0,0,0,0,0,0,0,0,0,0,0,0,0,0,0,0,0,0,0,0,0,16,0,0,0,0,"","","","","","",""
"ASV253",0,0,0,0,0,0,0,0,0,0,0,0,0,0,0,0,0,0,0,0,0,0,0,16,0,0,0,"Viridiplantae","Streptophyta","Magnoliopsida","Dipsacales","Adoxaceae","Viburnum","Viburnum_opulus"
"ASV256",0,0,0,0,0,0,0,0,0,0,0,15,0,0,0,0,0,0,0,0,0,0,0,0,0,0,0,"Viridiplantae","Streptophyta","Pinopsida","Cupressales","Taxaceae","Taxus",NA
"ASV257",0,0,0,0,0,0,0,0,0,0,0,0,0,0,0,0,0,0,15,0,0,0,0,0,0,0,0,"Viridiplantae","Streptophyta","Magnoliopsida","Ericales","Ericaceae","Arctostaphylos","Arctostaphylos_uva-ursi"
"ASV259",0,0,0,0,0,0,0,0,0,0,0,0,0,0,0,0,0,0,15,0,0,0,0,0,0,0,0,"","","","","","",""
"ASV26",16,15,0,0,0,11,0,0,0,0,0,0,0,0,78,90,491,802,1319,128,163,411,28,43,133,44,0,"","","","","","",""
"ASV260",0,0,0,0,0,0,0,0,0,0,0,0,0,0,0,0,0,0,0,0,0,15,0,0,0,0,0,"","","","","","",""
"ASV262",0,0,0,0,0,0,0,0,0,0,0,0,0,14,0,0,0,0,0,0,0,0,0,0,0,0,0,"Viridiplantae","Streptophyta","Magnoliopsida","Malpighiales","Violaceae","Viola",NA
"ASV263",0,0,0,0,0,0,0,0,0,0,0,0,0,0,14,0,0,0,0,0,0,0,0,0,0,0,0,"","","","","","",""
"ASV268",0,0,0,0,0,12,0,0,0,0,0,0,0,0,0,0,0,0,0,0,0,0,0,0,0,0,0,"","","","","","",""
"ASV269",0,0,0,0,0,0,0,12,0,0,0,0,0,0,0,0,0,0,0,0,0,0,0,0,0,0,0,"","","","","","",""
"ASV271",0,0,0,0,0,0,0,0,0,0,0,0,0,0,12,0,0,0,0,0,0,0,0,0,0,0,0,"","","","","","",""
"ASV273",0,0,0,0,0,0,0,0,0,0,0,0,0,0,0,0,0,0,0,0,0,0,0,0,12,0,0,"","","","","","",""
"ASV274",11,0,0,0,0,0,0,0,0,0,0,0,0,0,0,0,0,0,0,0,0,0,0,0,0,0,0,"","","","","","",""
"ASV275",0,0,0,0,0,0,0,11,0,0,0,0,0,0,0,0,0,0,0,0,0,0,0,0,0,0,0,"Viridiplantae","Streptophyta","Magnoliopsida","Ericales","Primulaceae","Soldanella",NA
"ASV276",0,0,0,0,0,0,0,0,0,0,0,0,0,0,0,0,11,0,0,0,0,0,0,0,0,0,0,"","","","","","",""
"ASV277",0,0,0,0,0,0,0,0,0,0,0,0,0,0,0,0,11,0,0,0,0,0,0,0,0,0,0,"","","","","","",""
"ASV278",0,0,0,0,0,0,0,0,0,0,0,0,0,0,0,0,0,0,11,0,0,0,0,0,0,0,0,"","","","","","",""
"ASV279",0,0,0,0,0,0,0,0,0,0,0,0,0,0,0,0,0,0,0,0,0,11,0,0,0,0,0,"","","","","","",""
"ASV28",0,117,0,0,0,0,0,0,0,0,0,0,0,0,3395,0,0,0,0,0,0,0,0,0,0,0,0,"Viridiplantae","Streptophyta","Magnoliopsida","Poales","Poaceae",NA,NA
"ASV281",0,0,0,0,0,0,0,0,0,0,0,0,0,0,10,0,0,0,0,0,0,0,0,0,0,0,0,"","","","","","",""
"ASV282",0,0,0,0,0,0,0,0,0,0,0,0,0,0,0,4,0,0,0,0,0,0,0,6,0,0,0,"Viridiplantae","Streptophyta","Magnoliopsida","Brassicales","Brassicaceae",NA,NA
"ASV283",0,0,0,0,0,0,0,0,0,0,0,0,0,0,0,0,10,0,0,0,0,0,0,0,0,0,0,"","","","","","",""
"ASV285",0,0,0,0,0,0,0,0,0,0,0,0,0,0,0,0,0,4,0,0,4,0,0,0,2,0,0,"","","","","","",""
"ASV286",0,0,0,0,0,0,0,0,0,0,0,0,0,0,0,0,0,0,0,10,0,0,0,0,0,0,0,"","","","","","",""
"ASV287",0,0,0,0,0,0,0,0,0,0,0,0,0,0,0,0,0,0,0,0,0,0,10,0,0,0,0,"Viridiplantae","Streptophyta","Magnoliopsida","Solanales","Convolvulaceae",NA,NA
"ASV288",0,0,0,0,0,0,9,0,0,0,0,0,0,0,0,0,0,0,0,0,0,0,0,0,0,0,0,"Viridiplantae","Streptophyta","Magnoliopsida","Malpighiales","Violaceae","Viola","Viola_tricolor"
"ASV289",0,0,0,0,0,0,0,0,0,0,0,0,0,0,0,9,0,0,0,0,0,0,0,0,0,0,0,"","","","","","",""
"ASV29",0,0,0,0,0,0,0,0,0,0,0,32,0,0,0,0,0,0,107,142,0,146,0,2962,0,0,0,"Viridiplantae","Streptophyta","Magnoliopsida","Rosales","Rosaceae","Prunus",NA
"ASV290",0,0,0,0,0,0,0,0,0,0,0,0,0,0,0,0,9,0,0,0,0,0,0,0,0,0,0,"","","","","","",""
"ASV291",0,0,0,0,0,0,0,0,0,0,0,0,0,0,0,0,0,0,0,9,0,0,0,0,0,0,0,"","","","","","",""
"ASV293",0,0,0,0,0,0,0,0,0,0,0,0,0,0,0,0,0,0,0,0,0,0,9,0,0,0,0,"","","","","","",""
"ASV294",0,0,0,0,0,0,0,8,0,0,0,0,0,0,0,0,0,0,0,0,0,0,0,0,0,0,0,"Viridiplantae","Streptophyta","Magnoliopsida","Lamiales","Lentibulariaceae","Pinguicula",NA
"ASV296",0,0,0,0,0,0,0,0,0,0,0,0,0,0,8,0,0,0,0,0,0,0,0,0,0,0,0,"","","","","","",""
"ASV297",0,0,0,0,0,0,0,0,0,0,0,0,0,0,0,8,0,0,0,0,0,0,0,0,0,0,0,"","","","","","",""
"ASV298",0,0,0,0,0,0,0,0,0,0,0,0,0,0,0,8,0,0,0,0,0,0,0,0,0,0,0,"","","","","","",""
"ASV299",0,0,0,0,0,0,0,0,0,0,0,0,0,0,0,5,0,0,0,3,0,0,0,0,0,0,0,"","","","","","",""
"ASV3",729,171,0,860,875,591,2643,3399,1484,9229,7172,6190,3793,0,62,92,0,108,550,370,811,1414,233,120,2189,1871,0,"Viridiplantae","Streptophyta","Pinopsida","Pinales","Pinaceae",NA,NA
"ASV30",31,0,0,72,0,0,111,35,0,17,16,25,0,432,0,0,0,1008,251,84,696,96,56,30,80,286,0,"Viridiplantae","Streptophyta","Polypodiopsida","Polypodiales","Dryopteridaceae",NA,NA
"ASV300",0,0,0,0,0,0,0,0,0,0,0,0,0,0,0,0,0,0,0,0,8,0,0,0,0,0,0,"","","","","","",""
"ASV301",0,7,0,0,0,0,0,0,0,0,0,0,0,0,0,0,0,0,0,0,0,0,0,0,0,0,0,"Viridiplantae","Streptophyta","Magnoliopsida","Sapindales","Anacardiaceae",NA,NA
"ASV302",0,0,0,0,0,0,0,0,0,0,0,0,0,0,0,0,0,7,0,0,0,0,0,0,0,0,0,"","","","","","",""
"ASV304",0,0,0,0,0,0,0,0,0,0,0,6,0,0,0,0,0,0,0,0,0,0,0,0,0,0,0,"","","","","","",""
"ASV306",0,0,0,0,0,0,0,0,0,0,0,0,0,0,0,6,0,0,0,0,0,0,0,0,0,0,0,"","","","","","",""
"ASV307",0,0,0,0,0,0,0,0,0,0,0,0,0,0,0,6,0,0,0,0,0,0,0,0,0,0,0,"","","","","","",""
"ASV308",0,0,0,0,0,0,0,0,0,0,0,0,0,0,0,0,0,6,0,0,0,0,0,0,0,0,0,"","","","","","",""
"ASV309",0,0,0,0,0,0,0,0,0,0,0,0,0,0,0,0,0,0,6,0,0,0,0,0,0,0,0,"","","","","","",""
"ASV31",403,421,314,80,0,0,94,130,115,93,0,0,0,0,292,111,588,0,114,132,130,0,0,0,71,0,0,"Viridiplantae","Streptophyta","Magnoliopsida","Saxifragales","Saxifragaceae","Saxifraga","Saxifraga_oppositifolia"
"ASV310",0,0,0,0,0,0,0,0,0,0,0,0,0,0,0,0,0,0,0,0,0,6,0,0,0,0,0,"","","","","","",""
"ASV312",0,0,0,0,0,0,0,5,0,0,0,0,0,0,0,0,0,0,0,0,0,0,0,0,0,0,0,"Viridiplantae","Streptophyta","Magnoliopsida","Asparagales","Asparagaceae",NA,NA
"ASV313",0,0,0,0,0,0,0,0,0,0,0,0,0,0,0,0,5,0,0,0,0,0,0,0,0,0,0,"","","","","","",""
"ASV314",0,0,0,0,0,0,0,0,0,0,0,0,0,0,0,0,0,5,0,0,0,0,0,0,0,0,0,"","","","","","",""
"ASV315",0,0,0,0,0,0,0,0,0,0,0,0,0,0,0,0,0,0,5,0,0,0,0,0,0,0,0,"","","","","","",""
"ASV316",0,0,0,0,0,0,0,0,0,0,0,0,0,0,0,0,0,0,0,0,5,0,0,0,0,0,0,"","","","","","",""
"ASV317",0,0,0,0,0,0,0,0,0,0,0,0,0,0,0,0,0,0,0,0,0,0,0,0,5,0,0,"","","","","","",""
"ASV318",0,0,0,0,4,0,0,0,0,0,0,0,0,0,0,0,0,0,0,0,0,0,0,0,0,0,0,"Viridiplantae","Streptophyta","Magnoliopsida","Ranunculales","Ranunculaceae",NA,NA
"ASV319",0,0,0,0,0,0,4,0,0,0,0,0,0,0,0,0,0,0,0,0,0,0,0,0,0,0,0,"","","","","","",""
"ASV32",788,955,657,26,6,0,21,0,7,20,13,25,0,0,206,131,103,0,0,0,33,0,0,0,0,18,0,"Viridiplantae","Streptophyta","Magnoliopsida","Poales","Cyperaceae","Carex",NA
"ASV320",0,0,0,0,0,0,0,0,0,4,0,0,0,0,0,0,0,0,0,0,0,0,0,0,0,0,0,"","","","","","",""
"ASV321",0,0,0,0,0,0,0,0,0,0,0,4,0,0,0,0,0,0,0,0,0,0,0,0,0,0,0,"Viridiplantae","Streptophyta","Magnoliopsida","Fabales","Fabaceae","Robinia",NA
"ASV322",0,0,0,0,0,0,0,0,0,0,0,0,0,0,0,4,0,0,0,0,0,0,0,0,0,0,0,"","","","","","",""
"ASV323",0,0,0,0,0,0,0,0,0,0,0,0,0,0,0,0,0,0,0,4,0,0,0,0,0,0,0,"","","","","","",""
"ASV324",0,0,0,0,0,0,0,0,0,0,0,0,0,0,0,0,0,0,0,0,0,4,0,0,0,0,0,"","","","","","",""
"ASV325",0,0,0,0,0,0,0,0,0,0,0,0,0,0,0,0,0,0,0,0,0,0,0,0,4,0,0,"","","","","","",""
"ASV326",3,0,0,0,0,0,0,0,0,0,0,0,0,0,0,0,0,0,0,0,0,0,0,0,0,0,0,"","","","","","",""
"ASV327",0,0,0,3,0,0,0,0,0,0,0,0,0,0,0,0,0,0,0,0,0,0,0,0,0,0,0,"Viridiplantae","Streptophyta","Magnoliopsida","Saxifragales","Crassulaceae",NA,NA
"ASV328",0,0,0,0,0,0,0,0,0,3,0,0,0,0,0,0,0,0,0,0,0,0,0,0,0,0,0,"","","","","","",""
"ASV329",0,0,0,0,0,0,0,0,0,0,0,0,0,0,3,0,0,0,0,0,0,0,0,0,0,0,0,"","","","","","",""
"ASV33",245,436,346,19,0,0,0,23,0,0,0,0,0,0,1159,0,377,0,0,0,27,0,0,0,101,0,0,"Viridiplantae","Streptophyta","Magnoliopsida","Lamiales","Plantaginaceae","Plantago",NA
"ASV330",0,0,0,0,0,0,0,0,0,0,0,0,0,0,0,3,0,0,0,0,0,0,0,0,0,0,0,"","","","","","",""
"ASV331",0,0,0,0,0,0,0,0,0,0,0,0,0,0,0,0,3,0,0,0,0,0,0,0,0,0,0,"","","","","","",""
"ASV332",0,0,0,0,0,0,0,0,0,0,0,0,0,0,0,0,0,3,0,0,0,0,0,0,0,0,0,"","","","","","",""
"ASV333",0,0,0,0,0,0,0,0,0,0,0,0,0,0,0,0,0,3,0,0,0,0,0,0,0,0,0,"","","","","","",""
"ASV335",0,0,0,0,0,0,0,0,0,0,0,0,0,0,0,0,0,0,3,0,0,0,0,0,0,0,0,"","","","","","",""
"ASV336",0,0,0,0,0,0,0,0,0,0,0,0,0,0,0,0,0,0,3,0,0,0,0,0,0,0,0,"","","","","","",""
"ASV337",0,0,0,0,0,0,0,0,0,0,0,0,0,0,0,0,0,0,3,0,0,0,0,0,0,0,0,"","","","","","",""
"ASV338",0,0,0,0,0,0,0,0,0,0,0,0,0,0,0,0,0,0,3,0,0,0,0,0,0,0,0,"","","","","","",""
"ASV339",0,0,0,0,0,0,0,0,0,0,0,0,0,0,0,0,0,0,0,3,0,0,0,0,0,0,0,"","","","","","",""
"ASV34",38,30,72,0,0,0,0,15,0,0,0,0,0,1646,29,0,0,110,145,0,122,274,40,0,0,206,0,"","","","","","",""
"ASV340",0,0,0,0,0,0,0,0,0,0,0,0,0,0,0,0,0,0,0,3,0,0,0,0,0,0,0,"","","","","","",""
"ASV341",0,0,0,0,0,0,0,0,0,0,0,0,0,0,0,0,0,0,0,3,0,0,0,0,0,0,0,"","","","","","",""
"ASV342",0,0,0,0,0,0,0,0,0,0,0,0,0,0,0,0,0,0,0,0,3,0,0,0,0,0,0,"","","","","","",""
"ASV343",0,0,0,0,0,0,0,0,0,0,0,0,0,0,0,0,0,0,0,0,3,0,0,0,0,0,0,"","","","","","",""
"ASV344",0,0,0,0,0,0,0,0,0,0,0,0,0,0,0,0,0,0,0,0,0,0,0,0,3,0,0,"","","","","","",""
"ASV345",0,0,0,0,0,0,0,0,0,0,0,0,0,0,0,0,0,0,0,0,0,0,0,0,0,3,0,"","","","","","",""
"ASV346",0,0,0,0,0,0,0,0,0,0,0,0,0,0,0,0,0,0,0,0,0,0,0,0,0,3,0,"","","","","","",""
"ASV347",0,0,0,0,0,0,0,0,0,2,0,0,0,0,0,0,0,0,0,0,0,0,0,0,0,0,0,"Viridiplantae","Streptophyta","Magnoliopsida","Rosales","Cannabaceae","Humulus",NA
"ASV348",0,0,0,0,0,0,0,0,0,0,2,0,0,0,0,0,0,0,0,0,0,0,0,0,0,0,0,"Viridiplantae","Streptophyta","Pinopsida","Pinales","Pinaceae","Abies",NA
"ASV349",0,0,0,0,0,0,0,0,0,0,0,0,0,0,2,0,0,0,0,0,0,0,0,0,0,0,0,"","","","","","",""
"ASV35",0,0,0,0,0,0,0,0,0,0,0,0,0,0,0,0,0,2711,0,0,0,0,0,0,0,0,0,"","","","","","",""
"ASV350",0,0,0,0,0,0,0,0,0,0,0,0,0,0,0,2,0,0,0,0,0,0,0,0,0,0,0,"","","","","","",""
"ASV351",0,0,0,0,0,0,0,0,0,0,0,0,0,0,0,0,2,0,0,0,0,0,0,0,0,0,0,"","","","","","",""
"ASV352",0,0,0,0,0,0,0,0,0,0,0,0,0,0,0,0,2,0,0,0,0,0,0,0,0,0,0,"","","","","","",""
"ASV353",0,0,0,0,0,0,0,0,0,0,0,0,0,0,0,0,2,0,0,0,0,0,0,0,0,0,0,"","","","","","",""
"ASV355",0,0,0,0,0,0,0,0,0,0,0,0,0,0,0,0,0,0,2,0,0,0,0,0,0,0,0,"","","","","","",""
"ASV356",0,0,0,0,0,0,0,0,0,0,0,0,0,0,0,0,0,0,2,0,0,0,0,0,0,0,0,"","","","","","",""
"ASV357",0,0,0,0,0,0,0,0,0,0,0,0,0,0,0,0,0,0,2,0,0,0,0,0,0,0,0,"","","","","","",""
"ASV358",0,0,0,0,0,0,0,0,0,0,0,0,0,0,0,0,0,0,0,2,0,0,0,0,0,0,0,"","","","","","",""
"ASV359",0,0,0,0,0,0,0,0,0,0,0,0,0,0,0,0,0,0,0,2,0,0,0,0,0,0,0,"","","","","","",""
"ASV36",502,749,545,0,0,37,0,0,76,100,18,0,0,0,64,0,96,0,0,0,0,0,0,0,0,0,0,"","","","","","",""
"ASV360",0,0,0,0,0,0,0,0,0,0,0,0,0,0,0,0,0,0,0,2,0,0,0,0,0,0,0,"","","","","","",""
"ASV361",0,0,0,0,0,0,0,0,0,0,0,0,0,0,0,0,0,0,0,2,0,0,0,0,0,0,0,"","","","","","",""
"ASV362",0,0,0,0,0,0,0,0,0,0,0,0,0,0,0,0,0,0,0,2,0,0,0,0,0,0,0,"","","","","","",""
"ASV363",0,0,0,0,0,0,0,0,0,0,0,0,0,0,0,0,0,0,0,0,2,0,0,0,0,0,0,"","","","","","",""
"ASV364",0,0,0,0,0,0,0,0,0,0,0,0,0,0,0,0,0,0,0,0,2,0,0,0,0,0,0,"","","","","","",""
"ASV365",0,0,0,0,0,0,0,0,0,0,0,0,0,0,0,0,0,0,0,0,0,2,0,0,0,0,0,"","","","","","",""
"ASV366",0,0,0,0,0,0,0,0,0,0,0,0,0,0,0,0,0,0,0,0,0,2,0,0,0,0,0,"","","","","","",""
"ASV367",0,0,0,0,0,0,0,0,0,0,0,0,0,0,0,0,0,0,0,0,0,2,0,0,0,0,0,"","","","","","",""
"ASV368",0,0,0,0,0,0,0,0,0,0,0,0,0,0,0,0,0,0,0,0,0,0,2,0,0,0,0,"","","","","","",""
"ASV369",0,0,0,0,0,0,0,0,0,0,0,0,0,0,0,0,0,0,0,0,0,0,0,0,2,0,0,"","","","","","",""
"ASV37",0,0,0,0,0,0,0,0,0,0,0,0,0,0,1964,0,0,0,0,0,0,0,0,0,0,0,0,"","","","","","",""
"ASV38",0,0,0,0,0,0,0,0,0,99,153,1055,0,0,0,0,0,0,0,0,0,0,0,0,102,446,0,"","","","","","",""
"ASV39",0,0,0,143,21,0,70,50,0,312,179,149,0,0,0,0,0,612,0,0,0,125,0,16,46,161,0,"","","","","","",""
"ASV40",29,21,0,19,0,0,0,0,0,8,0,5,0,0,1547,0,0,207,0,0,0,0,0,0,0,0,0,"","","","","","",""
"ASV41",226,202,409,0,0,37,0,0,24,44,178,94,0,0,409,96,568,75,0,0,0,0,0,0,23,77,0,"Viridiplantae","Streptophyta","Magnoliopsida","Poales","Poaceae",NA,NA
"ASV43",62,25,0,0,0,0,0,0,0,0,0,18,0,0,1709,0,0,0,0,0,0,0,0,0,0,0,0,"Viridiplantae","Streptophyta","Magnoliopsida","Asterales","Campanulaceae",NA,NA
"ASV44",4,0,0,0,0,0,11,0,0,0,0,6,0,0,79,0,0,0,0,0,0,0,0,0,1642,0,0,"Viridiplantae","Streptophyta","Magnoliopsida","Caryophyllales","Caryophyllaceae","Silene",NA
"ASV45",155,206,131,0,0,0,0,0,0,0,0,0,0,0,735,119,275,0,0,0,0,0,0,0,0,0,0,"Viridiplantae","Streptophyta","Magnoliopsida","Poales","Poaceae",NA,NA
"ASV47",311,302,213,0,37,0,0,0,0,0,0,94,0,0,0,230,411,0,0,0,0,0,0,0,0,0,0,"Viridiplantae","Streptophyta","Magnoliopsida","Ericales","Ericaceae","Calluna","Calluna_vulgaris"
"ASV48",0,0,0,0,0,0,0,0,0,0,0,0,0,0,309,1222,277,0,22,176,0,12,23,0,0,0,0,"","","","","","",""
"ASV49",9,5,7,0,0,0,0,0,0,0,0,10,0,0,200,688,629,0,6,0,10,0,0,0,0,0,0,"","","","","","",""
"ASV5",0,0,0,0,0,0,0,0,0,655,303,117,0,0,0,0,0,0,0,0,0,0,12,26481,123,1216,0,"Viridiplantae","Streptophyta","Magnoliopsida","Lamiales","Oleaceae","Fraxinus","Fraxinus_excelsior"
"ASV52",141,86,0,0,0,0,0,0,0,0,0,0,0,0,1224,0,0,0,0,0,0,0,0,0,0,0,0,"Viridiplantae","Streptophyta","Magnoliopsida","Rosales","Rosaceae","Potentilla",NA
"ASV54",0,0,0,0,0,0,0,0,0,0,0,0,0,0,31,0,0,252,146,442,333,14,15,0,7,77,0,"","","","","","",""
"ASV55",56,205,1065,0,0,0,0,34,0,46,47,0,0,0,105,0,322,99,0,150,0,28,0,0,0,0,0,"Viridiplantae","Streptophyta","Magnoliopsida","Myrtales","Onagraceae",NA,NA
"ASV58",0,0,0,0,0,0,0,0,0,0,11,0,0,0,1359,0,0,0,0,0,0,0,0,0,0,0,0,"Viridiplantae","Streptophyta","Magnoliopsida","Fabales","Fabaceae",NA,NA
"ASV6",108,50,0,993,1646,423,1315,1266,1101,1324,1523,2100,6576,0,57,161,0,255,1005,1099,691,813,120,20,776,825,0,"Viridiplantae","Streptophyta","Magnoliopsida","Rosales","Rosaceae",NA,NA
"ASV60",0,0,0,0,0,0,0,6,0,0,0,0,0,0,0,0,0,835,0,217,0,5,0,0,0,0,0,"","","","","","",""
"ASV61",96,298,193,9,12,94,14,20,22,21,0,0,0,0,276,0,0,0,0,0,0,0,0,0,0,0,0,"Viridiplantae","Streptophyta","Magnoliopsida","Poales","Juncaceae","Juncus",NA
"ASV62",185,500,240,0,35,0,0,0,44,0,42,0,0,0,0,0,0,0,0,0,0,0,0,0,0,0,0,"Viridiplantae","Streptophyta","Magnoliopsida","Rosales","Rosaceae","Potentilla",NA
"ASV63",18,0,66,172,81,39,101,69,78,93,94,117,0,0,0,0,0,0,0,67,4,0,0,0,0,0,0,"Viridiplantae","Streptophyta","Magnoliopsida","Ranunculales","Ranunculaceae","Ranunculus",NA
"ASV64",47,67,138,132,35,0,57,0,0,0,0,0,0,0,510,0,0,0,0,79,0,0,0,0,0,0,0,"Viridiplantae","Streptophyta","Magnoliopsida","Poales","Poaceae",NA,NA
"ASV66",146,564,0,0,0,0,0,0,0,52,0,0,0,0,55,0,94,0,0,0,0,0,0,0,0,0,0,"","","","","","",""
"ASV68",0,0,889,0,0,0,0,0,0,0,0,0,0,0,0,0,0,0,0,0,0,23,0,0,0,0,0,"Viridiplantae","Streptophyta","Magnoliopsida","Lamiales","Plantaginaceae","Veronica",NA
"ASV7",0,138,0,0,0,50,13,0,0,0,0,17,0,0,0,0,0,19,0,0,0,0,0,0,0,0,0,"Viridiplantae","Streptophyta","Magnoliopsida","Lamiales","Plantaginaceae","Plantago",NA
"ASV70",12,25,0,0,0,0,0,0,0,0,0,0,0,0,633,0,0,0,0,169,0,0,0,0,0,0,0,"Viridiplantae","Streptophyta","Magnoliopsida","Poales","Poaceae","Anthoxanthum",NA
"ASV71",0,0,0,0,0,0,0,0,0,0,0,0,0,0,0,0,0,0,0,713,37,0,0,0,0,0,0,"","","","","","",""
"ASV72",11,0,225,0,0,16,15,0,0,0,16,42,0,0,0,0,173,0,0,0,0,237,0,0,0,0,0,"","","","","","",""
"ASV74",95,158,111,8,5,11,0,22,0,9,5,23,0,0,0,45,90,0,0,29,0,24,0,0,0,0,0,"Viridiplantae","Streptophyta","Magnoliopsida","Poales","Juncaceae","Luzula",NA
"ASV75",63,0,0,51,92,42,21,48,16,22,34,33,0,0,0,0,0,0,76,28,0,0,0,53,82,0,0,"Viridiplantae","Streptophyta","Pinopsida","Cupressales","Cupressaceae",NA,NA
"ASV77",156,35,70,16,13,0,0,24,30,17,7,36,0,0,0,0,159,0,0,0,0,0,0,0,0,0,0,"Viridiplantae","Streptophyta","Magnoliopsida","Liliales","Melanthiaceae","Veratrum",NA
"ASV78",0,0,0,0,165,11,47,0,0,0,109,90,0,0,0,0,0,13,0,0,0,85,20,9,0,0,0,"Viridiplantae","Streptophyta","Magnoliopsida","Saxifragales","Saxifragaceae","Saxifraga","Saxifraga_rotundifolia"
"ASV8",74,1430,34,106,64,69,156,231,94,118,319,183,0,0,74,45,0,0,0,0,55,17,16088,109,0,204,0,"","","","","","",""
"ASV80",118,100,53,58,0,0,0,10,0,0,9,0,0,0,108,0,0,0,59,0,0,0,0,0,0,0,0,"","","","","","",""
"ASV81",14,0,0,0,0,0,0,0,0,0,0,0,0,0,42,0,58,49,51,108,110,42,35,0,0,0,0,"","","","","","",""
"ASV82",18,0,0,0,0,0,0,0,0,0,0,0,0,0,41,19,134,27,43,58,89,12,11,0,40,9,0,"","","","","","",""
"ASV83",0,0,0,0,0,0,0,0,0,0,0,0,0,0,0,0,0,0,0,87,75,310,0,0,0,0,0,"","","","","","",""
"ASV88",0,0,0,0,0,0,0,0,0,0,0,0,0,0,0,0,248,0,0,0,0,173,0,0,0,0,0,"Viridiplantae","Streptophyta","Magnoliopsida","Ericales","Ericaceae","Vaccinium","Vaccinium_vitis-idaea"
"ASV89",0,100,0,0,0,0,0,9,0,0,0,0,0,0,0,63,0,58,102,0,70,0,0,0,0,0,0,"","","","","","",""
"ASV9",4162,2640,3500,664,228,731,791,615,746,549,582,659,0,0,0,233,172,0,475,217,119,0,79,14,0,0,0,"Viridiplantae","Streptophyta","Magnoliopsida","Ericales","Ericaceae",NA,NA
"ASV90",0,0,0,0,0,0,0,0,0,0,0,0,0,0,39,297,36,0,0,0,0,0,0,0,0,0,0,"","","","","","",""
"ASV91",204,32,31,0,0,0,0,58,0,0,0,6,0,0,0,0,0,0,0,0,0,0,0,0,15,0,0,"","","","","","",""
"ASV92",31,64,114,0,0,0,20,0,0,4,0,0,0,0,0,0,0,65,0,0,19,16,0,7,0,0,0,"Viridiplantae","Streptophyta","Magnoliopsida","Geraniales","Geraniaceae","Geranium",NA
"ASV94",0,0,0,0,0,0,0,0,0,0,0,0,0,0,0,0,0,0,0,0,0,0,0,315,0,0,0,"","","","","","",""
"ASV97",36,169,89,0,0,0,0,0,0,0,0,0,0,0,0,0,0,0,0,0,0,0,0,0,0,0,0,"","","","","","",""
"ASV99",0,0,0,0,0,0,0,0,0,0,0,0,0,0,33,7,86,37,15,29,59,22,20,0,16,15,0,"","","","","","",""
